<?xml version="1.0" encoding="UTF-8"?>
<beans xmlns="http://www.springframework.org/schema/beans"
	xmlns:xsi="http://www.w3.org/2001/XMLSchema-instance"
	xmlns:context="http://www.springframework.org/schema/context"
	xsi:schemaLocation="http://www.springframework.org/schema/beans http://www.springframework.org/schema/beans/spring-beans.xsd
		http://www.springframework.org/schema/context http://www.springframework.org/schema/context/spring-context-4.3.xsd">

<bean id="address1" class="com.cg.project.beans.Address">
<property name="city" value="Pune"></property>
<property name="state" value="Maharashtra"></property>
<property name="country" value="India"></property>
<property name="pinCode" value="432112"></property>
</bean>

<bean id="address2" class="com.cg.project.beans.Address">
<property name="city" value="Patiala"></property>
<property name="state" value="Punjab"></property>
<property name="country" value="India"></property>
<property name="pinCode" value="147001"></property>
</bean>

<bean id="employee" class="com.cg.project.beans.Employee">
<property name="employeeId" value="1234"></property>
<property name="basicSalary" value="50000"></property>
<property name="firstName" value="Harleen"></property>
<property name="lastName" value="Aggarwal"></property>
<property name="address" ref="address2"></property>
</bean>

</beans>
